seed,arm,conservation_ok,edge_enrichment,edge_cross_fraction,adjacent_edges,raw_contact,condition_variance,alive,role_balance
6000,construction_off,True,-0.13001198,0.372724994,64.6125,0.556493644,0,64.175,0.458436173
6000,local_construction,True,0.0224578893,0.529173629,89.6625,0.8106424,1.0615593,57.375,0.474298149
6000,place_memory_scrambled,True,0.0580652012,0.564972026,58.225,0.808195123,1.19024811,57.8125,0.474841236
6001,construction_off,True,-0.152091033,0.353887006,67.225,0.533219351,0,61.95,0.473623281
6001,local_construction,True,0.0471525821,0.551258116,131.25,0.898921917,1.17774811,69.1625,0.46854928
6001,place_memory_scrambled,True,0.0458191961,0.553015887,64.9,0.784718716,1.59188919,63.1875,0.483788334
6002,construction_off,True,-0.0522920957,0.452661561,79.85,0.64956038,0,64.4625,0.467564121
6002,local_construction,True,0.033757112,0.534003036,110.7,0.84280283,3.70284805,68.7875,0.450405971
6002,place_memory_scrambled,True,0.0425284265,0.54499673,63.225,0.776349771,1.12442017,61.1125,0.455647378
6003,construction_off,True,-0.0181399004,0.484590948,102.1625,0.697556529,0,71.0375,0.465626321
6003,local_construction,True,0.0276376411,0.532026501,92.95,0.814003586,1.33056488,65.075,0.464774938
6003,place_memory_scrambled,True,0.0166351026,0.519574998,47.825,0.721094932,1.11180954,47.375,0.449597045
6004,construction_off,True,-0.0481024738,0.457728617,83.0125,0.653324664,0,65.5625,0.475507642
6004,local_construction,True,0.039801925,0.544804549,81.4125,0.806615204,1.71568832,71.2,0.47201633
6004,place_memory_scrambled,True,-0.0390539342,0.466351225,52.2125,0.681040678,1.52803345,44.2125,0.454583254
6005,construction_off,True,-0.104919944,0.402065445,73.4625,0.600450039,0,61.075,0.47774553
6005,local_construction,True,-0.0679983507,0.438549016,86.875,0.686715436,1.5841217,62.325,0.477810421
6005,place_memory_scrambled,True,-0.00145079951,0.501421928,56.25,0.712341394,2.18207245,58.3625,0.454547678
6006,construction_off,True,-0.0569303365,0.44494356,73.8625,0.62441247,0,70.9125,0.457963332
6006,local_construction,True,0.0166096746,0.521541562,103.775,0.787472594,2.13186646,66.0625,0.468881767
6006,place_memory_scrambled,True,0.0661233895,0.57100082,63.2375,0.823850733,1.28896866,60.5125,0.464835687
6007,construction_off,True,-0.0490701319,0.456276243,67.7375,0.644963245,0,65.375,0.471918923
6007,local_construction,True,0.0322169867,0.535627626,79.8125,0.807643971,1.45042496,63.0875,0.458553113
6007,place_memory_scrambled,True,0.0509957447,0.557312001,72.6875,0.824714388,1.02007141,56.725,0.469778419
6008,construction_off,True,-0.268831714,0.225934028,58.3875,0.373043021,0,46.4875,0.420777964
6008,local_construction,True,0.0529982073,0.554089601,96.5125,0.859192061,0.922866821,64.175,0.45308756
6008,place_memory_scrambled,True,0.0226277616,0.526234232,81.55,0.759832072,1.0283638,73.6125,0.467788518
6009,construction_off,True,-0.0844122289,0.420849507,78.7875,0.600876114,0,60.05,0.466207108
6009,local_construction,True,-0.150749807,0.356210586,67.9,0.561815444,1.57767181,53.325,0.471630369
6009,place_memory_scrambled,True,0.065289336,0.569790305,71.2875,0.859063062,1.19876251,53.4625,0.46157909
6010,construction_off,True,-0.110321463,0.394266934,75.4625,0.559385274,0,63.4375,0.469388944
6010,local_construction,True,0.00570866478,0.512826567,77.925,0.780958651,2.79395142,54.7875,0.473644957
6010,place_memory_scrambled,True,0.0307684262,0.534224536,60.3375,0.76080922,1.14103317,62.7625,0.460749365
6011,construction_off,True,-0.0192258407,0.486834753,86.775,0.692736068,0,70.6875,0.48024774
6011,local_construction,True,0.0328790914,0.53682003,113.1875,0.84258607,0.741155243,72.675,0.468774426
6011,place_memory_scrambled,True,-0.0440137713,0.461270582,74.0375,0.676873014,0.618292236,69.6625,0.474268758
6012,construction_off,True,-0.0668982647,0.438069542,75.8625,0.664473867,0,65.0625,0.469402652
6012,local_construction,True,0.00403803864,0.508308693,127.35,0.82552877,2.46540146,58.725,0.46229779
6012,place_memory_scrambled,True,-0.0111900636,0.49050445,67.5875,0.703415654,1.26760101,59.0625,0.453257743
6013,construction_off,True,-0.0374493388,0.467817795,82.6625,0.666052189,0,67.325,0.473455626
6013,local_construction,True,0.0321530782,0.535958502,137.3875,0.888838136,2.4637886,71.975,0.468865976
6013,place_memory_scrambled,True,-0.0169744082,0.487924101,76.7625,0.710197312,0.815842438,73.25,0.47308081
6014,construction_off,True,-0.0588941844,0.445778465,68.6375,0.642342919,0,66.0625,0.471920281
6014,local_construction,True,0.0152348721,0.520956806,265.3375,0.856945073,0.655380249,66.075,0.475471485
6014,place_memory_scrambled,True,0.0649207084,0.573240178,44.9625,0.80241075,1.1947525,42.95,0.469110853
6015,construction_off,True,-0.0572645193,0.448873942,72.6375,0.647994888,0,69.4375,0.480197382
6015,local_construction,True,0.0189408197,0.525098796,91.0875,0.793229004,3.48656693,68.9125,0.481350576
6015,place_memory_scrambled,True,0.0590037273,0.563103108,48.0625,0.818412877,1.22200165,47.7875,0.455507232
6016,construction_off,True,-0.145791366,0.358376492,71.6125,0.503407339,0,62.35,0.462684461
6016,local_construction,True,0.0358484232,0.541475908,85.35,0.800590619,1.5228653,64.3375,0.471396051
6016,place_memory_scrambled,True,0.0499596826,0.555081253,57.1375,0.794357087,1.60332336,55.625,0.463461961
6017,construction_off,True,-0.0514423702,0.454364314,67.1125,0.644566011,0,65.1625,0.474751128
6017,local_construction,True,-0.0202495026,0.487308685,72.15,0.728409575,2.35372086,54.7875,0.475887737
6017,place_memory_scrambled,True,0.0566487659,0.558047217,50.6875,0.7658608,1.25475388,53.3875,0.449485874
6018,construction_off,True,0.00366592959,0.509282175,79.1625,0.741290491,0,71.1375,0.477620052
6018,local_construction,True,0.0445386433,0.549781193,125.475,0.941990951,1.3162674,55.6125,0.462605048
6018,place_memory_scrambled,True,-0.085654062,0.417894452,52.9375,0.613505452,0.166741943,53.0625,0.453353116
6019,construction_off,True,-0.223283299,0.284081269,69.0375,0.432841789,0,61.1625,0.48099042
6019,local_construction,True,0.0631942386,0.565579527,96.075,0.880134144,2.02248306,63.6875,0.454048456
6019,place_memory_scrambled,True,-0.0948898623,0.408661181,74.4875,0.621603266,0.148123169,56.1375,0.460079015
6020,construction_off,True,-0.0599607904,0.445043479,67.2,0.630668942,0,65.9875,0.47194813
6020,local_construction,True,0.0497010415,0.551418108,116.3875,0.9008212,1.9997879,60.8125,0.454114828
6020,place_memory_scrambled,True,0.0380393193,0.544240923,67.55,0.769626499,1.23035355,60.525,0.47226713
6021,construction_off,True,-0.150807029,0.353252881,68.0125,0.521210025,0,56.95,0.459806679
6021,local_construction,True,0.0214393727,0.526489536,169.9,0.840538326,2.11255112,67.7375,0.471508104
6021,place_memory_scrambled,True,0.0224614357,0.529725664,55.6875,0.773225978,1.351548,46.2,0.46589152
6022,construction_off,True,-0.0249170662,0.480429802,80.475,0.712524568,0,67.75,0.471917708
6022,local_construction,True,0.0461354629,0.551937264,103.1,0.861827948,1.42457352,65.1125,0.476596649
6022,place_memory_scrambled,True,0.0607162144,0.566396304,88.1875,0.862782227,1.43619003,74.325,0.481233991
6023,construction_off,True,-0.0875646571,0.419755128,68.6,0.63018875,0,58.3875,0.479440317
6023,local_construction,True,0.0156062663,0.520770045,102.85,0.817406897,1.50233688,62.3,0.468229986
6023,place_memory_scrambled,True,0.0734129949,0.5800918,69.4125,0.822553011,1.54754715,64.575,0.479678178
6024,construction_off,True,-0.0415482663,0.459668298,64.5875,0.658989517,0,62.2375,0.450623597
6024,local_construction,True,0.0157983783,0.52179487,71.8125,0.770812945,1.76589966,60.725,0.471523056
6024,place_memory_scrambled,True,0.0503802801,0.552371944,57.8625,0.788859228,1.42862625,54.925,0.452907634
6025,construction_off,True,-0.0219936939,0.483957187,82.375,0.693865087,0,73.1125,0.481790438
6025,local_construction,True,0.0389861273,0.543194776,81.15,0.81275648,1.66240158,61.7125,0.462930304
6025,place_memory_scrambled,True,-0.0216237989,0.48345788,48.275,0.658221736,1.1837471,49.275,0.457131452
6026,construction_off,True,-0.0293645541,0.4761004,80.675,0.682667842,0,71.3125,0.476550461
6026,local_construction,True,-0.0129810848,0.491000271,91.325,0.75915455,2.17054062,62.2875,0.459817013
6026,place_memory_scrambled,True,0.0245150804,0.529374941,82,0.770061541,1.15875168,66.7875,0.467953555
6027,construction_off,True,-0.160907795,0.344634978,64.7875,0.529629417,0,55.45,0.462631724
6027,local_construction,True,0.061941823,0.566963772,94.6125,0.876400475,1.81455002,67.95,0.470135219
6027,place_memory_scrambled,True,-0.0838723019,0.423656745,48.6375,0.562896946,1.63805771,47.2625,0.466244695
6028,construction_off,True,-0.105060473,0.400023073,80.8875,0.576132638,0,66.375,0.472614772
6028,local_construction,True,0.0422535918,0.546794296,90.5875,0.838652566,1.71986847,61.725,0.46482469
6028,place_memory_scrambled,True,0.0290222686,0.53563125,67,0.791387615,1.32922668,53.0625,0.471078154
6029,construction_off,True,-0.0404735218,0.465434697,85.225,0.685985133,0,64.9,0.474592108
6029,local_construction,True,-0.047398894,0.45553012,66.9125,0.7362099,1.13645935,46.7875,0.448969634
6029,place_memory_scrambled,True,-0.0220982895,0.483575078,65.8125,0.716035975,0.922999573,61.9625,0.474090031
6030,construction_off,True,-0.0285080161,0.474862381,68.6375,0.702735529,0,65.2625,0.461699946
6030,local_construction,True,0.0230838642,0.530028016,118.6,0.834839254,1.52794113,57.45,0.474205093
6030,place_memory_scrambled,True,-0.045936038,0.459573926,70.5,0.680035094,0.728141022,62.3375,0.469691627
6031,construction_off,True,-0.0936183905,0.409674085,72.95,0.597251578,0,66.075,0.461887262
6031,local_construction,True,0.037706435,0.543110385,69.7,0.852211535,1.86621475,46.15,0.454053705
6031,place_memory_scrambled,True,-0.0568502672,0.443660102,63.6,0.68300971,0.0745506287,58.7625,0.448868585
6032,construction_off,True,-0.0452533818,0.460702234,81,0.684445633,0,65.9625,0.474536405
6032,local_construction,True,0.0265371776,0.533140387,172.75,0.876188043,1.38589859,55.275,0.470860097
6032,place_memory_scrambled,True,-0.154646972,0.349018679,48.725,0.497500912,1.19557953,43.5625,0.452696701
6033,construction_off,True,-0.0977450644,0.406996589,75.2875,0.633832762,0,54.7875,0.461075339
6033,local_construction,True,0.0457990846,0.5520435,98.5125,0.903472266,1.48954391,48.9125,0.459534027
6033,place_memory_scrambled,True,-0.0418482537,0.46424897,68.0875,0.686060658,0.912958527,62.0125,0.474513724
6034,construction_off,True,-0.0651453461,0.43920962,72.8,0.617843131,0,67.175,0.466032099
6034,local_construction,True,0.0310254265,0.535426338,92.1125,0.799039174,0.826502991,67.975,0.468724828
6034,place_memory_scrambled,True,0.0367010999,0.54194067,60.475,0.771525799,1.32611465,57.55,0.464687091
6035,construction_off,True,-0.0416915362,0.461133321,65.0125,0.69810033,0,56.825,0.453582187
6035,local_construction,True,0.0207523734,0.525420103,143.1625,0.8118247,1.00399551,63.1625,0.464208933
6035,place_memory_scrambled,True,0.0288575571,0.523742951,63.6,0.766880435,1.50061493,48.075,0.423755995
6036,construction_off,True,0.0124729928,0.516568008,87.575,0.753280093,0,70.1625,0.468719915
6036,local_construction,True,0.0461885377,0.551116975,105.9,0.829163219,2.33093414,73.2125,0.474864439
6036,place_memory_scrambled,True,0.0476596906,0.551018492,61.3,0.774448107,1.25470505,61.25,0.463119352
6037,construction_off,True,-0.170431419,0.335909125,65.4125,0.500860673,0,62.175,0.475553278
6037,local_construction,True,0.0442478711,0.549310108,149.6875,0.900607534,0.892177582,65.4,0.469548746
6037,place_memory_scrambled,True,0.0108160452,0.514716069,60.4375,0.755648774,1.42882538,53.9125,0.464718787
6038,construction_off,True,-0.0273857321,0.476526436,75.175,0.668280676,0,70.325,0.465787361
6038,local_construction,True,0.0324244445,0.538267422,174.1625,0.879175375,1.47804108,59.4875,0.470069474
6038,place_memory_scrambled,True,0.00871286436,0.514959026,55.95,0.744518808,2.02245483,45.425,0.460261577
6039,construction_off,True,0.0292890218,0.533559818,91.875,0.759644757,0,72.425,0.470563305
6039,local_construction,True,0.0352031977,0.539823197,87.5625,0.806821005,2.00874863,66.2,0.468567027
6039,place_memory_scrambled,True,0.0210254018,0.522489495,57.775,0.779698418,1.19811554,53.5875,0.447054193
6040,construction_off,True,-0.0655920457,0.438984874,74.075,0.623875099,0,67.4125,0.468227932
6040,local_construction,True,0.0233834258,0.531939691,74.1375,0.809656482,1.59019699,53.3,0.481196334
6040,place_memory_scrambled,True,0.0301882598,0.533948731,68.35,0.765298338,1.3121109,65.35,0.463618176
6041,construction_off,True,-0.0999245749,0.403429713,74.4375,0.588722461,0,67.3,0.46907746
6041,local_construction,True,0.00698912194,0.510524052,80.5625,0.758769429,1.32017517,66.7625,0.464368064
6041,place_memory_scrambled,True,0.0563341507,0.56231487,66.5625,0.822993109,1.58583908,61.4,0.473680977
6042,construction_off,True,-0.0275927261,0.475616752,82.35,0.694006125,0,73.7375,0.465537192
6042,local_construction,True,0.00173509908,0.506637225,126.675,0.738259639,1.68510513,61.225,0.469252622
6042,place_memory_scrambled,True,0.0695897415,0.574342116,68.6875,0.812358585,1.66053848,65.0375,0.470815345
6043,construction_off,True,0.0294759237,0.532577628,76.8125,0.765642041,0,68.35,0.460831573
6043,local_construction,True,-0.0379699709,0.470009249,72.7,0.681798406,1.1328392,53.4375,0.474486557
6043,place_memory_scrambled,True,0.0813555268,0.584666751,68.3125,0.845609853,1.93312912,64.625,0.46051557
6044,construction_off,True,-0.0844158582,0.421446262,66.35,0.59597169,0,58.4,0.468060314
6044,local_construction,True,-0.0861827079,0.401437247,69.175,0.58360025,1.71653137,33.625,0.399448702
6044,place_memory_scrambled,True,0.0543619551,0.557359769,47.6375,0.788732111,1.76001053,45.2125,0.449144806
6045,construction_off,True,-0.0335402452,0.471183486,83.725,0.672435483,0,65.75,0.467899988
6045,local_construction,True,0.0423135998,0.547523707,97.8,0.833733158,1.74794006,63.25,0.471606019
6045,place_memory_scrambled,True,0.0289234922,0.533878715,65.7,0.771697773,1.72200089,57.525,0.462608381
6046,construction_off,True,0.00308642372,0.508669416,88.35,0.720785544,0,72.975,0.481273894
6046,local_construction,True,0.020242314,0.523663764,117.125,0.809205372,3.4844986,64.325,0.461699426
6046,place_memory_scrambled,True,0.0549071773,0.556475637,64.1125,0.79459816,1.26120453,63.8125,0.451704269
6047,construction_off,True,-0.0945331962,0.410811518,81.2375,0.584329097,0,63.325,0.469941322
6047,local_construction,True,0.044381427,0.549445264,164.6875,0.906398229,2.12982788,63.7,0.469211401
6047,place_memory_scrambled,True,0.0308123605,0.53149863,46.7125,0.721686004,1.67588654,52.7,0.444481752
6048,construction_off,True,-0.0986051872,0.408241562,66.5625,0.580796983,0,66.425,0.484333227
6048,local_construction,True,0.00716503825,0.502603795,78.6875,0.742837958,3.03673935,58.6125,0.433920043
6048,place_memory_scrambled,True,0.0890488545,0.594324243,65.9,0.851706947,1.6573967,62.1875,0.468419895
6049,construction_off,True,-0.0934028071,0.411789127,62.575,0.592581988,0,60.9875,0.467239788
6049,local_construction,True,0.0443529292,0.549925349,155,0.882425155,2.20465622,69.5375,0.475957894
6049,place_memory_scrambled,True,0.0147485208,0.520119856,69.25,0.738277397,0.816228485,69.275,0.474432447
6050,construction_off,True,-0.041179959,0.464384463,80.425,0.674698682,0,69.1,0.475563631
6050,local_construction,True,0.0249429805,0.530977693,164.725,0.880351215,1.66286316,69.3375,0.480050687
6050,place_memory_scrambled,True,0.0301144585,0.534928482,62.2375,0.765570698,2.00555344,58.4875,0.462780907
6051,construction_off,True,-0.0420281869,0.463219855,77.2875,0.67135247,0,67.225,0.472361451
6051,local_construction,True,0.0302167969,0.530754176,86.6875,0.789864342,1.48522186,66.225,0.450705556
6051,place_memory_scrambled,True,0.0465215905,0.551762891,60.075,0.789548493,1.20830612,60.375,0.467392725
6052,construction_off,True,-0.0281332574,0.475645563,80.7125,0.684394965,0,68.4875,0.464091389
6052,local_construction,True,-0.0239486962,0.483158791,64.7125,0.716833642,1.88328705,56.2625,0.47412734
6052,place_memory_scrambled,True,0.000455468975,0.505267634,53.6125,0.750989793,1.85076141,44.025,0.450830589
6053,construction_off,True,-0.0847032734,0.420956749,72.7375,0.601003328,0,65.425,0.472486899
6053,local_construction,True,0.032244137,0.538019548,160.5125,0.884531671,1.3068924,66.5,0.475041837
6053,place_memory_scrambled,True,0.00641275395,0.513727154,59.35,0.716940656,1.47817688,56.4625,0.475902205
6054,construction_off,True,-0.0609627264,0.442121805,77.175,0.662375274,0,70.825,0.464840671
6054,local_construction,True,0.0185224344,0.526275703,78.725,0.830335913,1.6300705,55.75,0.477281469
6054,place_memory_scrambled,True,0.0788663279,0.579493664,73.5625,0.867050501,1.60074692,61.2125,0.449892262
6055,construction_off,True,-0.0559982331,0.447914235,76.1875,0.630254676,0,68.1875,0.465692941
6055,local_construction,True,0.0176651193,0.523654005,90.7875,0.800385771,1.58530655,65.1625,0.47346023
6055,place_memory_scrambled,True,0.0385659551,0.542134226,61.725,0.744219598,1.25021362,59.2125,0.459931429
6056,construction_off,True,-0.0812498126,0.422444296,66.4625,0.6178979,0,64.9,0.464631997
6056,local_construction,True,0.0208581703,0.526114867,252.1125,0.898506217,1.12158356,64.575,0.471293203
6056,place_memory_scrambled,True,0.036286273,0.539393694,65.9875,0.760852145,1.16151733,59.425,0.457152179
6057,construction_off,True,-0.036446895,0.467205345,73.95,0.672568052,0,73.0625,0.467512023
6057,local_construction,True,0.000965573035,0.504151168,160.15,0.759692719,0.800827026,59.8875,0.460094388
6057,place_memory_scrambled,True,0.0420250728,0.548796407,71.4,0.826612913,2.28284378,55.925,0.472752906
6058,construction_off,True,0.010512357,0.514755443,76.7625,0.743400659,0,68.475,0.469262798
6058,local_construction,True,0.0418606641,0.547146103,97.85,0.839944291,1.59463806,69.9625,0.473378292
6058,place_memory_scrambled,True,0.0376623996,0.536271315,60.875,0.774564278,2.04847488,54.55,0.439583348
6059,construction_off,True,-0.150760695,0.35304348,71.6,0.551090649,0,59.1875,0.463824453
6059,local_construction,True,0.00865472141,0.513811862,89.3125,0.774262291,0.914662933,63.175,0.469120577
6059,place_memory_scrambled,True,0.0293745672,0.528369029,103.1,0.810462596,0.225185394,66.1125,0.443928072
6060,construction_off,True,-0.0239051135,0.481970813,79.675,0.718235058,0,68.25,0.476594127
6060,local_construction,True,0.0140501703,0.518404184,315.925,0.863344312,1.44644089,63.0375,0.463435257
6060,place_memory_scrambled,True,0.0717548055,0.577981764,78.3,0.883396605,1.7708519,61.375,0.472198872
6061,construction_off,True,-0.0966427757,0.409712481,63.825,0.595079501,0,61.4125,0.475628121
6061,local_construction,True,0.0122368701,0.515239106,79.1,0.782579801,1.58818283,60.225,0.457071287
6061,place_memory_scrambled,True,0.0695998098,0.570479167,79.325,0.860765281,1.10494537,63.3875,0.449965764
6062,construction_off,True,-0.0617350677,0.444731031,80.05,0.614996316,0,68.675,0.483591931
6062,local_construction,True,0.0180836329,0.517376611,107.2875,0.855141385,2.30057983,53.9,0.441409248
6062,place_memory_scrambled,True,0.0790960365,0.583657142,74.8625,0.849568158,1.83913193,66.5125,0.466794979
6063,construction_off,True,-0.0403857129,0.464679528,80.0875,0.700067723,0,55.3875,0.462776095
6063,local_construction,True,-0.00335237863,0.502410373,91.0875,0.742597504,1.4409584,68.125,0.476429938
6063,place_memory_scrambled,True,0.0313390256,0.535896213,70.55,0.780976212,1.26107254,63.975,0.466412268
